Name (Roman Urdu),Botanical Name,Constituents,Other Names,Source Names,Uses,Action
Arusa,Adhatoda vasica,Adhatodic acid; Alkaloid vasicine,"Hasheeshatussual
                A; Vasaca and Malbarnut E; Ardusa G; Adusa and
                Basak and H; Nansa P; and Adarushah S; Adhtodal. T",flower; Leaf,Cough; Bronchitis; Asthma,Antispasmodic; Alterative; Expectorant; diuretic
Ajmod,"Apium graveolens,
            Trachyspermum ammi","Volatile oil; Sulphur; Apin; Poisonous
                principle; Albumen; Glucoside; Salts; Mucilage","Cellery E; Chano B; Ajmo
                G; Ajwan H; Ajmoda S; Ashamtagam . T",Seed; Root,asthma; bronchitis; colic; flatulence; liver and spleen diseases; tympani,carminative; alterative; stimulant; emmenagogue; Lithotriptic; tonic; diuretic; cordial
Aak,Calotropis gigantea,Glucosides; Leaf; Calotoxin; Active principle; Usenarin; Mudarine; Calotropin,"Akanda B; Swallow
                wart E; Akado G; Akonda H; Manelara S; Emulau
                T",plant; Flower; Juice; Root; Root-Bark,"tympani/bloat; constitutional
                syphilis; leprosy; anasarca; foot and mouth diseases; ascites; chronic rheumatism; skin diseases; dengue fever",rubefacient; expectorant; cardiac tonic; antispasmodic; caustic and astringent
Ajwain,"Carum copticum,C. ajowan,
            Ptychotis ajowan, Trachyspermum ammi",Thymol; Searoptin; Thymene,"Jowan B; Bishop weed and E; Ajmo
                G; Ajowan H; Zinanas and Nankhavab P; Yamoni S; Oman
                T",Seed; Fruit; Part Used,"colic; indigestion; diarrhoea; hysteria and profuse expectoration in
                bronchitis; flatulence; atonic dyspepsia; cholera",stomachic; carminative; pungent; anthelmintic; stimulant; antiseptic; tonic; aromatic; antispasmodic
Amaltas,Cassia fistula,"Anthraquinone
                derivatives; Volatile oil; Tannin; Water; Leaf; Colouring matter; Gluten; Astringent
                matter; Sugar; Gum","Sonalis
                B; Indian Laburnum E; Gamalo G; Amaltash and
                Amaltash H; Niripadruma S; Konai and Appai T","Root
                bark; Fruit; Leaf; Root",rheumatism; bronchitis; heart diseases; biliousness and ringworm; Pustules; retained excretions; fever,febrifuge; purgative; cathartic; laxative; tonic; emetic
Afteemoon,Cuscuta reflexa,"Colouring
                matter; C glucoside; Bergenin and Coumarin; Cuscutine; Beta-sitosterol; Flavanoid","Algusi
                B; Dodder E; Amarvel G; Akasbel H; Tukhme
                Kasus P; Amarvalan S; Aakashvallai. T",Plant; Fruit and Stem; Seed,"Liver
                disorders; spleen disorder",carminative; purgative; anthelmintic; anodyne
Anjeer,Ficus carica,Tryosin; Ficin; Bergaptene; Aminoacid; Leaf; Globulin; Enzyme; Lipase; Cravin; Latex; Protease; Bitter substance; Catotin; Ficusin,"Teen A; and B; and
                G; Anjir H; Fig tree E; Anjira S; Simaiyatti.
                T","Milky juice from fresh fruit; Fruit
                (Dried fleshy receptacles-figs)",to destroy worms,emollient; aperient; acrid; demulcent; nutrient
Aslussoos,Glycyrrhiza glabra,"Starch; Glyrrhetinic
                acid; Asparagin; Glycyrrhizin; Resin; Mucilage
                Stembark Tannin; Root; Sugar; Gum; Glycyrrhizic
                acid","Yashtimadhu B; Sweet wood and
                Liquorice E; Jethimadh G; Jethimadh H; Ausarehama
                haka P; Yashtimadhu S; Ati madhram. T","Root
                (peeled)","asthma; scorpion-sting; sore
                throat; cough; dysuria",cooling; laxative; emollient; expectorant; emmenagogue; demulcent; tonic; diuretic
Afiyun,"Papaver somniferum: Var
            Album, P. somniferum var glabrum, P. somniferum var
            sentigerum","Narceine; Groscopine etc seeds; Codamine; Codiene; Pseudomorhine; Paudanine Laudanocine; Paudanine; Morphine; Fat; Narcotine; Raw
                poppy oil Alkaloids; Gum; Albumin; Cryptopine; Paramorphine; Wax; Laudanocine; oil Gum; Oil; Pectin; Seed; Trotipine","Pasto
                B; White poppy. Bale wort and Opium poppy E; Afini G; Afin
                and
                Afiyun H; Ahifen. S","Seed; Leaf; petals; Plant; Fruit; Milky
                juice of immature capsule; Ripe and dried capsules","diarrhoea
                to check peristaltic movement Prolonged use is constipative","stimulant
                than narcotic; sedative; astringent; aphrodisiac; nurtritive; demulcent; anodyne; narcotic; soporific; antispasmodic; astringent mycotic; emollient; astringent"
Amla,"Emblica officinalis,
            Phyllanthus emblica",Vitamin-C; Fruit,"Amlaki
                B; Emblic Myrobalan and Indian goose berry E; Amla G; Amla
                H; Amala P; Amalalai S; Toppi. T","Part
                Used; Leaf; Flower; Seed; Root; Stembark; Plant; Fruit",dropsy; jaundice; asthma; bronchitis; biliousness; anaemia; haemorrhagia; cough,cooling; carminative; refrigerant; laxative; stomachic; refrigerant; acrid; aperient; vemifuge Flower; diuretic; astringent
Amla Jangli,"Phyllanthus
            fraternus, P. niruri","Phyllanthin (Bitter principle) hypohyllanthin
                (non-bitter compound)
                Alkaloids; 4-methoxy securinine (Phyllanthin) and 4-mithoxy
                norsecurinine
                Glycoflavones","Bhuiamla and Sadahazumani B; Bhonyambli
                G; Jayangaliambla and
                Bhuyiambla H; Bhoomyamalkee S; Keelanelli. T",Plant; Fresh leaves; Root,"dropsy; gonorrhoea; menorrhagia; Uses; colic; diseases of
                urinogential system; diarrhoea; ulcers and opthalmia; gastric disorders; diabetes
                Infusion of young shoots in dysentery; dyspepsia; fresh root is acclaimed
                remedy for jaundice Latex mixed with oil applied in
                offensive sores",stomachic; febrifuge; bitter; antiseptic; Plant; diuretic; astringent
Aspghol,"Plantago ovata: P.
            isabgula",Albuminous matter; Fatty oil; Glucoside; Mucilage; Aucubin,"Ispagul E; Ishadgola
                S; and H; Ispagul B; Isabgol G; Ishappukol.
                T",Husk; Seed,"affections
                of bladder; diarrhoea; catarrh; chronic constipation and dysentery; urehra
                and kidney",cooling; laxative; emollient; demulcent; mild astringent; diuretic
Anar,Punica granatum,Rootbark; Alkaloids; Pelletierine; Pelletierene; Alkaloid; Stembark; pseudo iso methyl- Pelletierene,"Ruman
                A; Pomegranate tree G) Dadam E; Anar H; Dadima and
                Dantabija S; Tadimam T",Rootbark; Seed; Pulp; Fresh juice; Stembark; Fruit,"diarrhoea; dysentery; specific tape
                worm",stomachic; cooling; refrigerant; stomachic; anthelmintic; tonic; cardiac; astringent
Asrol,Rauwolfia serpentina,ajmalicine; Alkaloids; serpentinne neoajmaline; oleoresin; ajmaline; sterol; serpentine; isoajmaline; ajmalinine; serposterol,"and B; Chhotachand
                H; Sarpagandha G; Sarpagandha S; Sovannamibon T",Leaf-juice; Root,sedative; insanity; hypnotic; painful affections of bowels; to increase uterine contractions; to remove opacities of the cornea; reduces high blood presure,hypnotic; sedative; reduce high blood pressure
Ashok,Saraca asoca: S. indica,"Tannin; Stearic; Palmitic; Catachol; Linoleic
                and Linolenic acids; Kaempterol; b-sitosterol; Quercetin",Asoka tree E; Ashoka S; and H; and B; Ashoka G; Asogam. T,Bark,"menorrhagia; postparturient
                after retained placenta in animals; uterine infections","uterine
                sedative; Astringent"
Azaraqi,Strychnos nuxvomica,Strychnine; Alkaloids; Brucine,"Kuchila
                B; Crow fig and Poison nut. Vishmusti E; Zer Kochla G; Kuchla
                H; Khaniqul
                kalb P; Kachchira S; Kalam and Etti. T",Rootbark; Wood; Seed; Leaf,"cholera; colic; dysentery; as poultice on wounds with maggots
                and ulcers; fever; dyspepsia","stomachic; nervine
                tonic; aromatic"
Arjun,Terminalia arjuna,"Tannin; Stembark; Lactone-Arjunatin; Arjunin; Essential
                oil","White Murdah E; Arjuna S; and
                H; Arjun B; Arjun Sadado and
                Sadado G; Attmarubu. T",Leaf; Stembark; Fruit; Bark; Ashes,earache; sore throat; sores; cough; dyspepsia; cardiac tonic,febrifuge; expectorant; tonic; astringent
Asgand,"Withania somnifera, Physalis flexuosa",Phytosterol; Sominiferin and three Alkaloids; Alkaloids,"Ashvagandha
                B; Winter cherry E; Ashvagandha and Asoda and Ghodasoda G; Asgandh
                H; Ashavagandha S; Ammukira. T",Leaves; Root,"diabetes; general
                debility; in rheumatic swelling all hervine disorders",narcotic; alterative; aphrodisiac; nervine sedative; tonic; diuretic; astringent
Amba,"Mangifera indica, M.
            montana, M. domestica","Tannin; Starch; Gum; Gallic
                acid Fat; Tannin Seed; Vitamin A; Fruit; Sugar; B and C Stembark","Amba A; and
                B; Aam H; Mango E; Ambo G; Naghzak P; Amra
                S; Mamparam T",Leaf; Flower; Stembark; Fruit; Gum,"stops
                bleeding; prolapse of uterus",stomachic; refrigerant; laxative; astringent and anthelmintic; nourishing; diaphoretic; antiscorbutic; tonic; diuretic; astringent
Bhindi,"Abelmoschus
            esculentus, Hibiscus esculentus","Pectin; and Starch; Essential
                oil","Bhindi A; Lady finger E; Bhinda
                G; Bhindi H; Pitali S; Vendi T",Fruit; and plant; root,,diuretic Root; demulcent; Emollient
Babool,"Acacia arabica, A.
            indica, A. nilotica.","Arabic acid; Sugar Stem bark; Tanin
                Fruit; Malic acid; Gum; Tanin","Babool
                tree E; Desi babool G; Kikar H; Baboola S; Karuvetum
                T","leaf; stem bark; seed; and
                leaf; fruit",Gum; dysentery; haemorrhage; Chronic diorrhoea,Expectorant; styptic; tonic; Astringent
Beesh,"Aconitum nepallus, A.
            ferox, and A. chasmmanthum.","Aconitine; Psudoaconitine; and
                Nepelline","Beesh A; Aconite E; Vachhnag
                and Ativish G; Mitha zeher H; Vish S; Vashanni T",Root,sciatica; fever; painful affection; paralysis,antidiabetic; diuretic; sedative; anodyne; narcotic; antipyretic
Bael,Aegle marmalos,"Gamma-sito-sterol; Leaf; Mormolosin; Marmarine; Alkaloid
                Aegelenine; Fruit; Sterol-Aegelin; Tanin","Bael
                A; Bael fruit E; Bilvi G; Baelaripal H; Bilva
                S; Bilvam T","Stem bark; fruit
                and Leaf; Root",stomachic; antipyretic; Habitual constipation; chronic dysentery; digestive; stimulant; demulcent; and dyspepsia; Antipyretic,cooling; Aromatic; Alterative; Antipyretic; nutritive
Bedanjeer khatai,"Baliospermum
            Axillare,B. montanum, Jatropha montana",Oil from seed,"Dantimul
                and Jamalgota G; Danti H; Bedanjirekhatai P; Dati S; Nagadani
                T",Seed; Leaf; Root,asthma; on rheumatism; snake bites,rubefacient; stimulant; drastic purgative; hydragoggue; cathartic
Banda,"Derris trifoliata, D.
            uliginosa","Lupeol; Alkaloids; Rotenone; Coumarin
                Resins; Taraxerol; Scandenin; Beta-sitosterol; Saponin","Vanda S; Banda H; Baramauda
                B; Vando G; Pulluvi. T",Bark; Root,"rheumatism; asthma; wounds; mania; betel nut; constipation; menstrual
                troubles",dysmenorrhoea; insecticide; Alterative; cathartic; narcotic; astringent
Bao barang,Embelia ribes,"Volatile
                oil; Quercitol; Emblic acid; Resin; Alkaloid; Christermbine","Bhranga B; Vavading
                G; Baberang Umbelia. H; Vidanga S; Vayu
                vilanga T",Root bark; Fruit; Leaf,"sore throat; cough
                and diarrhoea",carminative; alterative; anthelmintic; tonic; astringents
Bargad,Ficus benghalenisis,"Tannin; Aerial
                roots; Caouhouc Fruit; Stembark and Young buds; Fibre; Carbohydrates; Wax; Albuminoids; Oil","Banyan tree E; Strikasha and Vata
                S; Vad H; Bar B; Vad G; Vada
                pudavam T; Figuier
                due. Pr","Aerial roots; Milky juice; Stembark
                Young buds",rheumatism; lumbago; pains; sores and ulcers; toothache; dysentery; Diarrhoea; abscesses; diabetes; gonorrhoea,tonic and cooling; astringent; tonic
Badiyan,Foeniculum vulgare,"Essential
                oil","Indian sweet fennel E; Madhurika
                S; Bari-saunf H; Warialli G; Sohikirai T",Seed; Leaf; Root,"cooling drink of fever; burning sensation in passing
                urine",stomachic; carminative; Purgative; wormicide; stimulant; Diuretic; emmenagogue; aromatic
Bazrul banj,"Hyoscyamus niger, H.
            alba, H. muticus",Hyoscypikrin; Alkaloid; Hyoscyamine; Scopolamine,"Bazrul banj
                A; Kharasani ajwon B; Henbane E; Khorsani ajma G; Khurasani
                ajvayan H; Tukhm Bang P; Yavani S; Kurasani yoman T","Flowering
                tops; Seed; Leaf","dry
                cough; haemoptyxis; urinary disorders Asthma; whooping cough; irritability","sedative; digestive; anthelmintic; mydriatic; antiseptic; antispasmodic; narcotic
                anodyne; astringent"
Bakayin,Melia azedarach,"Tannin
                Stembark; Oil margosline; Bitter Resinous principle; Root
                and Gum","and B; Nim H; Bead
                tree and persian liliac E; Bakan limbdo G; Neem P; Rani
                priya S; Malaivenbu T",Leaf; Flower; Seed; Root; Sap; Stembark; Fruit; Bark; Gum,"Skin
                diseases; blood disorders","emollient; purgative; anthelmintic; stimulant; rheumatism; antiseptic; stimulatnt; antiperiodic; bitter; stimulant
                demulcent; insecticide; vermifuge; Stomachic; tonic; discutient; anthelmintic; astringent"
Bedanjeer,Ricinus communis,"Alkaloid; Toxalbumin
                ricin; Ricinine","Bedanjeer A; Castor
                oil plant E; Eranda S; Arandi H; Bherenda B; Erando
                G; Aimug and Erandum T; Tel-erandu. Sh",Seed-oil; Seed; Leaf,Constipation; arthritis; to relieve headache; poultice for boils; inflammatory disorders,purgative; counter irritant; emollient; galactagogue
Beladur,Semicarpus anacardium,"Kernel; Anacardol; Bhilawanol; Tarry oil-having
                Anacardic acid; Fixed oil Pericarp; Cardol; Semecarpol","Bhela B; Marking nut E; Bhilama
                G; Bhela H; Habbul qalb P; Bhallataka S; Erimugi
                T","Gum; Oil; Fruit; Juice
                of pericarp",in animals to induce heat; veneral and leprous affections and nervous debility; to procure abortion; vesicant in rheumatism,"gastro
                intestinal; powerful escharotic; digestive; cardiac tonic; stimulant; nervine tonic; antiseptic; cholegogue; respiratory; irritant if
                taken internally"
Bathua,Chenopodium album,Leaf; Minerals; Vitamin-C; Carotene; Essential oil,"Bathusag
                B; Goose foot and Dirt weed E; Cheel G; Bathua and
                Chandan
                betu H; Chillika and
                Vastak S; Parupkire T",Plant,"treatment
                of roundworms",anthelmintic; laxative
Biskhapra,Boerhavia Diffusa,"Large
                quantities of potassium nitrate; Alkaloid; Punamavine","Gandhapuma
                B; Spreading hogweed E; Satodi and G; Gudhpama and
                H; Punenava and Punarnava S; Mukkaratia T",Plant; Root,asthma; jaundice; dropsy; kidney ailments; enlargement of liver,laxative; febrifuge; purgative; expectorant; stomachic; anthelmintic; Bitter; diuretic
Brahmi,"Centella asiatica, Hydrocotyle
            asiatica","Tannin; Resin; Asiaticoside; Fresh
                Leaf; Sitosterol; Fatty oil; Ascorbic acide; Glucoside; Bitter substance-Hydrocotylin; Essential oil","Thulkurhi
                B; Brahmi G; Kalakudi and Brahma-manduki H; Mandukparni
                S; Vallarai T",Plant Leaf,"for
                improving memory; syphilis for skin diseases both internally and externally; leprosy; skin diseases","alternative
                tonic"
Chirchita,Achyranthes aspera,"Oleanolic
                acid; Alkaline ash with potash; Galactose; Achyranthine
                Seed; Saponin","Roughchaff tree and
                Pricklychaff flowers E; Safed Aghedo G; Latjira
                Chirchita H; Aghata S; Nayuruvi T","and
                Leaf; Root; Seed; Whole plant",obesity; leprosy; Snake bite; cough,laxative; purgative; anodyne; diuretic; astringent
Coffee,"Coffea indica, C arabica","Volatile
                oil; Caffein; wax; Seed; Hypoxathine; Xanthine; Trigonelline; Alkaloid; Guanine; Leaf
                andfruit Adinine","Kafi B; Coffea E; Caffi
                G; Coffea H; Mlecha phala S; Kappi
                kottai T; Cahwa P",Seed,"Chronic
                diarrhoea; depression; Controlling fever; poisoning",Diuretic; Stimulant
Chob zard,"Curcuma longa C.
            domestica","Curcumin; Terpenoids Juvabiane; Aromatic
                Turmeric oil; Colouring matter","Haldu
                B; Turmeric E; Halder G; Haldi H; Haridra
                S; Manjal. T",Tuber; Rhizome,bronchitis; in gastric disorder; respiratory disorders; cough; cold,antibacteria; antihistamine
Chiraita,Swertia chirata,"Bitter
                principle; Resin; Bitter Glucoside; Gum; Ophelic
                acid; Chiratin","Mahatita B; Chiretta
                E; Kariyatu and Chiratu G; Bhumba S; Nelavambu T",Plant,Dyspepsia; intestinal worms,stomachic; laxative; febrifuge; Bitter tonic; anthelmintic
Darhald,Berberis aristata,"Alkaloid
                berberine; Rootbark","Opthalmic
                barberry tree E; Daruhald G; Darhald/Rasaut H; Daruharidra
                S; Marmanja T",Stembark Wood; Stem; Root,"Jaundice dysentery colic; copious
                discharge from womb decoction in trachoma virus; amoebiasis; nervous
                diseases; Blood disease; skin diseases; sores",antiperiodic; tonic; alterative
Dhak,Butea monosperma: B. frondosa,"Glucoside
                Stembark Kino-tannic Gallic acid Seed; Oil; Leaf","Palasm
                B; Bastard teak E; Khakhro G; Palas H; Palasa
                S; Kali T",Leaf; Seed; Flower; Stembark; Gum,dysentery; intestinal worms; wounds; diarrhoea; congested and Septic; erysipelas; pthisis and haemorrhage; ringworms,"anthelmintic; aphrodisiac and
                diuretic; tonic; astringent"
Deodar,Cedrus deodara,"Sequiterpenes
                like himachalol; Atlantone; Aloe-resin; Turpentine","Toon B; Deodar E; Devdar
                G; Deodar H; Vrilcashapa S; Sanoober P; Tevadaran
                T",Wood; Bark and Leaves,"ulcers and skin diseases; in remittent and intermittent fever; diarrhoea
                and dysentery","febrifuge; carminative Bark; anticancer activity in
                human epidermal carcinoma of throat; astringent"
Darchini,"Ciannamomum zylenicumm,
            C. aromaticum, C. sinense",Volatile oil; Cinnamic acid; Oil; Cinnamomum Resin,"Darsini A; Daruchini
                B; Cinnamon E; Taj G; Dalchini H; Gudatvak
                S; Lowangapatta T",Stembark; Oil,"diarrhoea; flatulence; paralysis of
                tongue; vomiting; toothache; dyspepsia","stomachic; haemostatic; stimulant; antiseptic; carminative
                antispasmodic; vascular nervine stimulant; aromatic; germicide; astringent"
Datura safed,"Datura
            alba, D. metel, D. fastuosa","Hyoscyamine; Atropine Alkaloid
                Principle; Hyocine; Alkaloid; Fixed oil; Allantoin
                Leaf; Vitamin C; Scopolamine Seed","Dhutura
                B; Thornapple and White Datura E; Dhaturo and Dhulodhaturo G; Sadah
                datura H; Tatulah Pr; Dhurta S; Umatai T",Leaf; Root; Plant; Fruit; Ripe seed,catarrh and cerebral complication; to get animal in heat; fever; Prolapsed of uterus/vagina; insanity,"counter
                irritant; antiseptic; anodyne; narcotic; antispasmodic"
Doodhi,Euphorbia hirta,"Tannin; Resin; Caoutchouc; Active principle; Wax; Gallic
                acid; Alkaloid; Sugar; Gum; New
                phenolic substance; Quercetin","Bara-keru
                B; Australlian asthma weed and snake weed or cat’s hair E; Chamardudheli
                and
                Dhudeli G; Dudhi H; Dughdhika S; Amum-patchaiaressi
                T",Plant,"bowel
                complaints; kidney stones; coryza; to cure respiratory passages; cough; hay asthma; bronchial affections; worms",antispasmodic; local parastiticide; anthelmintic; Demulcent
Eucalyptus,Eucalyptus globulus,"Tannin; Ketone; Catechin and Pyro catechin; Resin; Terpenes; Cineole; Alcohols; Phenols; Kino-tannic acid; Sequiterpene; Gum; Leaf
                Volatile oil; Aldehydes","Australian
                fever tree and Blue gum tree E; Nilgiri G; Karpuramaram T",Gum; Exudation from stem; oil from leaf; Leaf,diphtheria; chronic cystitis; gastric and intestinal juices; appetite; and digestion; heart beat; to lower arterial tension and quickens respiration; respiratory affections; fever; to increase flow of salva,"disinfectant; antimalarial; febrifuge; powerful
                antiseptic; expectorant; stimulant; diaphoretic; antiseptic; caminative"
Franjmishk,Ocimum gratisimum,Borneol; Terpenolin; Terpene; Citronelic acid; Camphor; Crithmene; Dipentene; Eugenol; Mucilage; Limonene; Essential oil,"Krishna-tulasi
                B; Holy Basil E; and G; Tulsi H; Pharanjmisk
                P; Vishnu-priya S; Ajaka and Ganjamkorai T",Plant; Leaf,"systolic and
                disystolic high blood pressure; wound healing; joint pains",carminative; antibacterial expectorant
Filfil Siyah,Piper nigrum,"Piperine; Piperidine; Resin; Chavisin; Gum; Balsamic
                essential oil; Lignin; Volatile alkaloids","Kalimirch
                B; Black pepper E; Kalamari G; Gulmirch and
                Kalimirch H; Marieham S; Menasu T","Dried
                unripe fruit-Black Pepper",dipression; Dyspepsia; fever,"Acrid; carminative; pungent; antiperiodic; mild antipyretic; stimulant; externally
                rubifacient; hot; resolvent"
Googhchi,Abrus precatorius,"Abrin; and
                Abralin; Glucoside","Chashme khuroos A; Jequirity
                E; chanothi G; Rati and Gunja H; Gunja S; Gundumani
                T",leaf; stem; bark; Root,"tympani bloat; in dropping of
                placenta; Cough; sore throat",Emetic; aphrodisiac; tonic; Purgative; Emetic
Gul Dhava,Anogeissus latisfolia,Tannin; Gum; Plant,"Dhara
                B; Ghatigum E; Dhavdo G; Bakla H; Dhara
                S; Vakkali T",Gum; Bark,liver; scorpion-sting and snake bite; chronic diarrhoea; confectionery,astringent
Guler,"Ficus glomerata, F.
            racemosa",Tannin; Silica; Wax; Caouhouc; Ash; Phosphoric acid,"Jagyadumur
                B; Cluster-fig and Country fig tree E; Umbaro G; Gular
                H; Udambara S; Atti and Adam T",Leaf; Milky juice; Root; Stembark; Fruit; Root-Bark,"menorrhagia; rinder-pest; dysentery; bilious
                affections; piles and diarrhoea; diabetes; haemoptyxis",carminative; vermicide; stomachic; astringent; astringent
Gurhal,Hibiscus rosasinensis,Kaempferol; Quercetin; Cyanidin,"Jaba
                B; Chineese rose and Shoe flower E; Jalapuspa; Jasud
                G; Jasund H; Angharee-hind P; Arkapriya S; Sappaththi
                T",Seed; Flower; Root,menorrhagia; considered emmenagogue; cough; cough; fever,anodyne and laxative; refrigerant; emollient; aphrodisiac; emmenagogue; demulcent; anti-inflammatory
Gule abbas,Mirabilis jalapa,Resin; Plant; Ash; Alkaloid- Trigonelline; Gum,"Four-o-clock
                E; and G; Gulabas H; Gule abbasa Pr; Sandhyraga
                S; Pattarashu T",Plant; Tuber; Flower; Root,"stimulating poultice to boils; poultice on carbuncles; inflammation
                phelegmons and whiteglow","nutrient; maturant; purgative
                Aph5rodisiac"
Gul Surkh,Rosa centifolia,"Malic; Tartaric
                and Tannic acid Glucoside Quercetin; Resin; Volatile
                essential oil","Gul Surkh A; Rose E; Gulisukh
                D; and B; and G; Gulab H; Irosa T",Buds; Flower,carminative in mixtures; flavoured dilunet,"carminative; Mild
                laxative"
Gulab Shahi,Rosa damascena,"Tartaric
                and tannic acid; Malic; Volatile essential oil; resin; Glucosider; Quercetin","Damascus
                Rose E; and B; and G; Shahi Gulab H; Shatapatrika
                S; Irosa T",Volatile oil; Buds; Flower,dibility; constipation; Palpitation,carminative; refrigerant; aperient; cardiac tonic; Astringent
Gilo,Tinospora cordifolia,"Berberine-bitter
                substance; Crude giloin; Gilonin","Gurach
                B; Galo G; Gulancha H; Guduchi and Amrita S; Shindil-kodi
                T",Plant; Fruit; Root; Stem,"febrifuge; gonorrhoea Pulp; chronic
                diarrhoea and dysentery","bitter
                tonic; antirheumatic; alterative; nutrient; aphrodisiac; antinflammatory; diuretic; antipyretic"
Hanzal,Citrullus colocynthis,"Tannin; Colocynthetin; Bitter principle colocynthein; Bentriacontance; Alpha Eleaterin; Glucoside; Hydrocarbon
                saponin Root; Saponin","Makhal B; Indian
                wild gourd E; Indrayani H; Kevistetal P; Mahendra
                varani S; Peyttumatti T",Seed; Leaf; Root; Fruit; Bark; Oil,jaundice; rheumatism snakebites; dysentery; scorpian-stings; diarrhoea; ascites; inducing conception; urinary diseases; epilepsy,bitter tonic; purgative; anthelminitic; diuretic; astringent
Habbussalateen,Croton tiglium,Albumin; Alkaloids; Sucrose and Crotonoside; Globulin,"Jaipal B; Purging croton E; Jamalgota
                H; Nepala-Jaipala Part
                Used: Bark and Leaf and
                Fruit and Root S",,to eliminate phlegmatic matter; Constipation,"purgative; alterative
                Purgative in animals; vermifuge"
Hina,"Lawsonia intermis: L. alba,
            L. spinosa","Leaf; Resin Seed; Lawsone; Oil; Colouring matter; glucoside; Hannotannic
                acid","Mehendi B; Henna E; Mendi
                G; Mehndi H; Hina P; Maruthasm T",Flower; Seed; Leaf; Stembark; Bark,"burns; menorrhagoea; jaundice and enlargement of spleen; sprain
                inflammations; bruises; repeat breeding",refrigerant; sedative; diuretic; alterative; astringent; soporific; deodorant
Hulba,Trigonella foenumgraecum,Alkaloids; Seed; Prolamine; Trigonelline; Choline; Saponin; Essential oil,"Fenugreek
                E; and B; and G; and H; Methi S; Vendagam
                T",Seeds; Leaves,powder if taken internally; controls blood cholesterol level,"cooling
                vegetable; carminative; demulcent; aphrodisiac; mucilagenous; tonic; tonic emmenagogue"
Inderjau talkh,"Holarrhena
            antidysenterica, Wrightia antidysenterica",Conessine; Kurchicine; Conessendine; Alkaloids; Conkurchine; Conarrhimine; Conamine; Isocoessimine; Kurchcine; Kurchine; Conessimine; Holarramine,"Ikleemul
                malik A; Kurchi B; Indrajava G; Inderajab H; Inderjau
                talkh P; Kutaja S; Vepalai T",Seed; Stembark; Leaf,dysentery; mucus colitis; intestinal worms; amoebiasis,"bitter
                tonic; febrifuge; antibacterial; anthelmintic; astringent"
Jamun,"Eugenia jambolana, E.
            jambos, S. jambos","Tannin; Seed; Ellagic acid
                (Phenolic acid) Stembark; Kino like gum; Jamboline","Kalajom
                B; Black plum Black cherry E; Jambu G; Maman H; Jambala
                S; Magom T",Stembark; Fruit; Leaf; Dried Seed,dysentery; diarrhoea; sore throat; spongy gums,astringent; antidiabetic; stomachic; diuretic
Juntiana,"Gentiana kurru, G.
            chirayita",Pectin; Gentian bitter; Gentiance acid; Root; Ophelic acid; Chiratin,"and
                B; Karu H; Kadu Gentian G; Gentian E; Katuki
                S; Nila
                vimba T",Plant; Rhizome; Root,"poisoning; Intestinal worms; gestric
                problems","stomachic; anthelmintic; febrifuge; aperient; bitter; antibilious; astringent
                antiperiodic; tonic"
Jangli arand,Jatropha curcas,Starch; Albumin; Inorganic matter Oil; Jatrophic acid; Seed; Curcin; Caseine; Sugar; Phytosterol; Oil,"Bon-bheranda B; Barbados
                nut and Physic nut and Purging nut E; Jamalgota and Nepalo G; Jangli
                arandi H; Dandenahri. P; Kananaeranda S",Rootbark; Seed; Leaf; Juice; oil,poultice on boils; dyspepsia; diarrhoea; to cure bleeding Spongy gum,purgative; internally and externally stomachic; acronarcotic; astringent
Jaiphal,Myristica fragrance,"Volatile
                oil; Alphapinene; Resin; Fixed oil Leaf; Myristicin; Mucilage; Saponin Ripe seed; Sugar; Dextrin; Fat; Essential oil","and
                B; Jaiphal H; Nutmeg E; Jayiphal G; Sauzbawwa.
                P; Jaiphala and Jatiphola S; Jadikhay T","Oil
                of kernel; Seed",flatulence; nausea; vomiting,stomachic; carminative; aperient; stimulant; narcotic in large doses; aromatic
Jangli Khajoor,Phoenix sylvestris,Alcohol; Carbohydrate,"Khajur B; Wild
                date E; Kharek and Khajuri G; Khajuri H; Kharijuri
                S; Paerichhu T",Fresh juice (Sap); Flowers; Fruit; Root,"toothache
                and nervous debility",restorative and little astringent; nourishing; stimulant; narcotic; tonic; euphoratic; intoxicating drink; depressant
Jhau,Tamarix dioica,Tannic acid; Galls,"Turajbeen A; Lal-Jhau B; Manna
                E; Jhav G; Jhau and Bhuri pras H; Pisula S; Shrushavakku
                T",Twigs; Galls,"dysentery
                and diarrhoea",astringent
Jangli badam,Terminalia catappa,Tannin; Coumarin; Saponins; Lipid,"Badam
                B; Indian Almond E; Kadvi badam and Lili badam and Deshi-badam
                and G; Jungli badam H; Desabadama S; Amandimaran T",Stembark; Oil from kernels; Juice of Young leaf,ointment; leprosy; scabies; colic,potent cardiao tonic; mild diuretic; astringent
Kanghi,Abutilon indicum,Mucilage; Aspargin; Tanin,"Kanghi A; Country
                mallow E; Kansaki and Dabali G; Kanghi booti H; Atibala
                S",bark; seed; Root; leaf; fruit,chest infection; urethritis; gonorrhoea,"aphrodisiac laxative diuretic
                pulmonary sedative; laxative demulcent expectorant; Demulcent"
Kat,Acacia catechu,Catechin; Gum; Quercetine; Catechu tannic acid; Tanin,"Kat
                A; Catechu E; Khair and Katho G; Khair H; Khadira
                S; Veadalum T",and wood extract; fruit; stem bark; Bark,"wounds
                ulcers; haemorrhage; constipation; diorrhoea; bleeding","Astringent
                Expectorant; Laxative; styptic; tonic; Astringent"
Khoolanjan,Alpinia galanga,"Methyl
                cinnamate; Alpinin; compheridine; Galangine; Camphor; Essential oil","Khoolanjan A; Galanga
                E; pan-ni-jad G; kulinijum H; khusravedurue-kalan P; kulinjan
                S; kattalal T",Rhizome,rheumatism; sore throat; catarrh; Rhizome; fever,stomachic; carminative; Expectorant; aphrodisiac; stimulant; aromatic
Konch,"Mucuna pruriens, Carpopogon
            pruriens, Dolichos pruriens",Tannin; Viscous oil; Resin; Seed; Alkaloid- Mucunine; Mucunadine; L-dopa,"Konch A; Alkusa B; Cow
                witch E; Kavach G; Kawanch H; Hub-ul-kalai P; Atmagupta
                S; Punaikali and Amudari T",Pods; Seed; Root,"males in oligospermia; to increase libido; spermatogenesis helps female fertilization and conception; scorpion-sting; dropsy; for
                delirium in fever; cholera",nervine tonic Pods; anthelmintic; purgative; aphrodisiac; anthelmintic; stimulant; mild vesicant; nerve tonic; vermifuge; diuretic
Kaju,Anacardium occidentale,"Anacardic
                acid; Cardol (Acrid oil); gum","Kaju
                A; Cashew nut E; Kaju G; Kaju H; Badam
                phrangi P; Andima T","fruit; seed
                and oil; Stem bark",leprosy; dysentery; cough; diorrhoea,and purgative; insecticide; irritant and rubefacient; Vermicide
Kachnal,"Bauhiniav variegata, B.
            tomentosa",Tannin; Gum; Stembark; Glucose,"Raktakanchan B; Kovidara and
                Kachnar G; Kachnar H; Kovidara S; Segapumanchori T",Seed; Flower; Stembark Root; leaf; Gum,"antidote to snake poison; haematuria
                and menorrhagia; bleeding piles; cough; sorethroat; malaria",astringent; laxative; alterative; carminative; tonic
Kundur,Boswellia Serrata,Gum; Resin; Essential oil,"Laban A; and
                B; Lubani H; Indian olibanum salai E; Dhupgugali G; Shallaki
                S; Prangisambrani T",Gum,rheumatism; nervous and skin diseases,"refrigerant; demulcent
                aperient; alterative; embolic; stimulant; emmenagogue; aromatic; diuretic"
Karanjwa,"Caesalpinia bonducella,
            C. bonducella, C. crista","Seed; Fatty oil; Bonducin
                (non-alkaloids-bitter principle)","Natakanja B; Molucca
                Bean and Physic Nut and
                Fever Nut E; Kakachia and
                Kachka G; Katkaranja H; Khayahe-i-iblis P; Ratnagndi
                and Gech-chakal T",Stembark; Leaf; Seed; Root,asthma; colic; intermittent fevers,"bitter tonic; antiperiodic; tonic; anthelmintic
                and febrifuge; antispasmodic; anti-inflammatory; emmenagogue; gastric"
Kakronda,Carissa carandas,Alkaloid; Resin; Fixed oil Volatile oil; Root,"Bengal
                currants E; Karamda G; Karaunda and Karamcha H; Karamardika
                S; Kalaakai T",Stembark; Fruit; Leaf; Root,"fevers; intestinal
                worms",stomachic; refrigerant; digestive; anthelmintic; antiscorbutic; astringent
Kasondi,"Cassia occidentalis: C.
            sericea","Starch; Resin; Seed; Leaf; Oxymethyl-anthraquinones; Carthartin Root; Emodin; Margarin; Tannic acid; Toxalbumin; Bitter
                non-alkaloidal Principle; Gum; Chrysophanic acid; Olein","Hindba A; Negro coffee E; Kasondi
                H; Kasundri G; Kasamarda S; Nattuta Kari T",Seed; Leaf; Root,"cough
                and whooping cough; dropsy; neuralgia; skin diseases; fever",antiperiodic; purgative; febrifuge; diuretic
Kashneez,Coriandrum sativum,"Tannin; Coriantrol; Vitamin-C; Carotene; Malic acid and
                Ash; Oxalic acid; Leaves; Calcium; Essential
                oil","Dhane B; Coriander E; Dhana
                and Kothmir G; Kottmir H; Kustumbari S; Kottamalli
                T",Plant; Seeds; Fruit; Leaf,"indigestion; sore throat; dyspepsia; flatulence; to correct bad breath; vomiting; bilious
                complaints",stomachic; carminative; refrigerant; pungent; aphrodisiac; stimulant; antibilious; tonic; aromatic; diuretic
Katan,Linum usitatissimum,"Linamarin; Resin; Seed; Proteins; Wax; HCN; Fixed
                Oil; Sugar; Glucoside","Katan
                A; Linseed E; Alsi H; Masina B; Alshi G; Zaghu
                P; Uma S; Alshivirai T",Seed; Flower; Stembark; Mucilage; Oil,"gonorrhoea; applied on burns; gout and
                rheumatism swellings; irritation of genito urinary system","emollient; expectorant; astringent; demulcent; aphrodisiac; nervine and
                cardiac tonic; diuretic; cordial"
Karela,Momordica charantia,carbohydrates; Saponin; Resin; Bitter glucoside; Alkaloid; Essential oil; Ash; Albuminoides; Momoridine,"Karala B; Bitter gourd G)
                Karela E; Karela H; Karavella and
                Sushave S; Pavakkachedilna T",Root; Fruit; Seed; Leaf,burning of the soles of the feet; haemorhoids; leprosy; bilious affections; diabetes; snake-bite; jaundice; piles,astringent; laxative; purgative; galactagogue; stomachie; alterative; anthelmintic; vermifuge; stimuylant; antibilious; tonic; emetic
Kela,Musa paradisiaca,Starch; Albuminods; Tannic and Gallic acids; Sugar; Fat,"Mong
                A; and B; and G; Kela and Kel H; Plantain
                and Banana E; Mong P; Kadali S; Kadali T",Leaf; Flower; Steam; Fruit; Ashes,"nervous
                affections like hysteria; Dysentery Diarrhoea; dysentery and menorrhagea; for blistres and burns","laxative; antiscorbutic; emollient; Demulcent; anthelmintic; valuable alterative; antibilious; blood and venereal diseases; antiscorbutic; mild
                astringent; tonic; nutrient"
Kaner,Nerium odorum: N. indicum,"Rosaganine; Wax; Neriodorin; Neriene; Tannic
                acid; Nerioderin; Pseudo-curanine; Karabin; Glucoside; Tuber; Neriantine; Essential oil","Kaner
                A; Karavi B; Sweet scented oleander E; Karen G; Kanera
                H; Dephali P; Karavira S; Arali and Karaveerum T","Root
                bark; Tuber; Leaf; Root","ulcers
                on the penis; caner; skin
                disease of scaly nature and leprosy; to reduce swelling","cardiac tonic; poisonous; powerful
                resolvent and alternant; diuretic"
Kutki,Picrorhiza kurroa,Picrorrhizine; Non bitter kirrin; Glycoside; kuticol,"Katki B; Katuka E; Kadu
                G; Kataki and Kuru H; Katukarogani T",Rhizome,to eliminate bile; Constipation,stomachic; antiperiodic; bitter; cathartic; cholagogue
Karanj,"Pongamia pinnata, P.
            glabra, Galedupa indica",bitter brown coloured oil; Karanjin; Seed; bitter alkaloid; Bark,"Dahar
                karanja B; Indian beach E; Karanj G; and H; Karanja
                S",Seeds; Leaf; Root; Fruit; Root-oil; Stem,"herpes; skin diseases; cutaneous
                offections; rheumatism; bleeding piles; gonorrhoea; ulcers with worms; fistulous sores; cleaning foul ulcers; scabies",Antiseptic; haemostatic
Kunjud,"Sesamum indicum: S.
            orientale",Fixed oil containing gummy matter; Seed,"Kunjud
                A; Susum B; Gingelly and Sesame E; Tal G; Gingli
                til H; Tila S; Ellu T",Fruit; Oil; Seed,dysentery; constipation; affections requiring demulcence; tympany,emmenagogue; emollient; laxative; nourishing; Lactagogue; demulcent; diuretic
Kharkhasak,"Tribulus terrestris: T.
            lenugionosus, T. zeylanicus",Nitrates; Resin; Alkaloid; Fruit; Oil,"Kharkhasak
                A; Gokhuri B; Small
                calotropis E; Gokhru G; Chhota
                Gokharu H; Gokhsharu S; Cherunerinche T",Plant; Fruit; Root,"urinary
                affection; Urinary calculi; gout; burning micturation; kidney
                diseases",cooling; aphrodisiac; diuretic
Lehsun,Allium sativa,Volatile oil; mucilage,"Thom A; Garlic E; Lasan
                G; Lasun H; Seer P; Lasan S; Vallaippundu
                T",Tuber and oil; Bulb,"to
                control blood cholesterol; cough; ringworm; rheumatism; fever",carminative; expectorant; aphrodisiac; stimulant; diuretic
Moong phali,Arachis hypogea,"Palmitic
                acid; Oleic acide","Ground nut E; Bhosing
                and Mugphali and Singdana G; Mungphali H; Buchanaka S; Manila
                Kottai T",Nut; Oil; Seed,tymphany; relieving constipation,emollient; Nutritous; aperient
Muqil,"Balsamodendron mukul,
            Commiphora mukul",Essential oil containing Myrcene; Gum; Bitter-principle; Resin,"Muqil A; Guggal
                B; Indian Bdellium E; Gugal G; Guggul H; Baijahundana
                P; Guggula S; Guggulu T",Gum; Resin,piles; Constipation; arterioscalerosis,antisupurative; aphrodisiac; emmenagogue; antiseptic; antihyperlipidimic; diaphoretic; antispasmodic; Astringent; echbolic; antirheumatic
Mochrus,"Bombax malabaricum, B.
            ceiba, Salmalia malabarca","Non-drying oil; Seed; Gum
                Tannic and Gallic acids","Silk cotton tree E; Ratoshemalo
                G; Simul H; Rakta shalmali S; Elevam T",Seed; Leaf; Flower; Stembark; Fruit; Cotton; Gum; Taproot,aprodisiac given in impotency; prolapse of uterus/vagina; pimples; menorrhoea,"emetic; aphrodisiac; demulcent; styptic; tonic; slightly
                diuretic; diuretic; astringent"
Mirch surkh,Capsicum annuum,"Volatile
                oil; Resin; Fatty acid; Solanine; Capsaisin; Capsicin","Filfil A; Spanish
                pepper Red pepper E; Marcha G; and B; Lal
                Mirch H; Filfile
                surkh P; Marichi phalam S; Mologay T",Resin; Fruit,"for
                massage in rheumatic joints and inflammation; sore throat",stomachic; rubifacient; vesicant; carminative; stimulant; tonic
Malkangni,Celastrus paniculatus,"Colouring
                material; Seed; Paniculaltine and Celastrine; Alkaloid; Glucoside; Oil","Staff
                tree E; and G; Malakanguni H; Vanhiruchi S; Atipari-chchram
                T",Stembark; Oil; Seed; Leaf,"rheumatism; leprosy; various
                fever; paralysis; berberi; gout",abortifacient; laxative; rubefacient; alterative; stimulant; bitter; aphrodisiac; emetic
Mameeran,Coptis teeta,"Bitter
                principle-Berberine","Mameeran A; Tita.
                B; Gold thread E; Mishamilita S; Mamiran H","Dried
                Root; Rhizome","debility; jaundice; catarrh
                and rheumatic conjunctivitis; convalescence after fevers; debilitating
                diseases; flatulence and visceral obstructions; atonic dyspepsia; mild
                forms of intermittent fevers; loss of appetite","stomachic; bitter
                tonic; febrifuge"
Moth,Cyperus rotundus,"Unstable
                alkaloid; Essential Oil; Cyperenone; Myristic
                and Stearic acid; b-Selinne","Saad A; Nut
                grass G) Moth E; Motha mutha H; Korai T",Tubers,"dysentery; diarrhoea; muscular
                inflammation; irritation of intestines; stomach disorder",antipyretic; anthelmintic; stimulant; emmenagogue; tranquilizer; Tuber; diuretic
Maror phali,Helicteres isora,Tannin,"East
                Indian screw tree E; Mrigashinga and Marodshingi G; Morphali H; Mrigshinga
                S; Valambiri T",Stembark; Fruit; Seed; Root juice,"dysentery; snakebite; griping of bowels and flatulence; stomach
                trouble; diabetes; lessens griping; topically for scabies; empyema; diarrhoea","astringent
                Demulcent; expectorant; astringent; demulcent; antigalactagogue; anodyne"
Meda lakri,"Litsea sebifera: L.
            chinensis","Alkaloid; Stembark; Laurotetanine
                Fruit; Oil","Common Laurel G)
                Mendalakdi E; Garbijaur and H; Khilza and P; Adhavara
                and Bahurandhrika S; Maidalaki T",Stembark; Oil; Leaf,bruses and styotic dressing of; rheumatism; antidote to bites of venomous animals,antidiarrhoeal; emollient; aphrodisiac; demulcent; anodyne; antiseptic; antidysenteric; astringent
Maieen,Randia dumetorum,"Saponin; Acid
                resin; Fruit; Essential oil","Menphal
                B; Common emetic nut E; Mindhal G; Arar and Karhar
                H; Dharaphala and Galla S; Kadudam T",Pulp; Fruit; Bark,"insecticide; bone ache; dysentery; externally
                as anodyne; rheumatism","abortifacient; irritating
                emetic; astringent; anthelmintic"
Majeeth,Rubia cordifolia,"Garancin; Zanthine
                (yellow); Root; Manjistin; Sugar; Glucoside; Alizarin (orange red); Gum; Crystalline
                principle-purpurin","Favvah A; B; and Manjit H; Indian madder E; Mankista G; Manjista
                S; Manditta T",Root; Stem,jaundice; amenorrhoea; to clear lochia; To dissolve oxalate stones in urniary calculi; Drospy; paralysis,Emmenagogue; alterative; tonic; diuretic; astringent
Nim,Azadirachta indica,Azadiractin; Seed; Bitter oil; Margosine,"Nimb
                B; Margosa tree E; Limbdo G; Neem H; Neem
                P; Nimba S; Arulundi and Vembua T",Seed; Leaf; Root and Bark; Root; Fruit; Gum,"blindness in fever; feed and fodder during drought; bronchitis; dengue fever; abortion; blindness in Sheep/goats; Skin disease; foot and mouth diseases; intestinal
                worms; rheumatism; leprosy",bitter tonic; antibacterial; purgative; demulcent; anthelmintic; insecticide; emmenagogue; stomachic; antiseptic; tonic; antiseptic; antiviral; irritant; astringent
Nil,"Indigofera: tinctoria, I.
            indica, I. anil, I. sumatrama",Indican oxidised from luc-indigo; Indigotin; Glucoside,"Habbunnil A; True
                Indigo E; and H; Nil B; Neela S; Neelum
                T; Darakhate nil P","Plant; Expressed
                juice- Indigo","dropsy; calculus; whooping
                cough; asthma; palpitation of heart; scorpionsting; hepatitis; lung
                diseases; maintenance of pregnancy","alterative
                deobstruent; stimulant; antiseptic; purgative; astringent"
Nagkesar,Mimosa pudica,Tannin; Alkaloids-Mimosine; Ash; Root,"Nagkeser
                A; Lajjabati B; Humble tree E; Chuimui H; Lajamani
                G; Lajjalu S; Thottalvadi T",Stem; Leaf; Root,"blood
                purifier; gravelish complaints; piles; scorpion-sting; hydrocele",resolvant; aphrodisiac; carminative; alterative; antiseptic
Nagand babri,"Vitex negundo, V.
            Panniculata",Essential oil; Organic acid; Resin; Leaf; Acid resin; Malic acid Traces of Alkaloids; Nishindine; Fruit,"Sanbhalu A; Nirgundi
                B; Five leaved chest tree E; Nagod G; Nirgandi H; Nirgundi
                S; Nochchi T",Leaf; Flower; Root; Fruit; Bark,plaster on enlarged spleen; on inflammatory swelling of joints; in rheumatism,"externally
                antiparastic; febrifuge; expectorant; cephalic; emmenagogue; nervine tonic; anodyne; diuretic; vermifuge; tonic; aromatic"
Neelofer,"Nelumbium speciosum,
            Nelumbo nucifera","Tannin; Rhizme and Seed; Fat
                Leaf; Glucose; Alkabid; Nupharine; Nelumbine; Metarbin; Resins","Kambol
                B; Sacred Lotus E; Kamal G; Kanwal H; Nilufer
                P; Padma-kamal S; Ambal T",Flower; Seed; Leaf; Stalks; Root; Anther; Plant; Filament,"burning
                sensation of body; dysentery; skin affections and ringworm; to
                check vomiting; leprosy; piles; disease of liver; as antidote
                to poisons Filaments; fever; cholera; bleeding of piles and menorrhagea",cooling; refrigerant; sedative; expectorant; cardiac tonic; demulcent; nutritive; bitter; cholegogue; diuretic; astringent
Oont katara,Echinops echinatus,Alkaloids; Triterpene; Flavonoids; Steroids; Lipids,"Khar shatur A; Camels thistle
                E; Utakanto and Shuliyo G; Untakatara H; Kantalu S",Plant; Root bark; Fruit; Root,"hoarse
                cough; hysteria; to hair to destroy lice; scrofula and ophthalmia; dyspepsia; wound in
                the cattle to destroy maggots","alterative; aphrodisiac; nervine
                tonic; aromatic; diuretic"
Piyaz,Allium cepa,volatile oil; mucilage,"Unsul A; Onion E; dungali
                G; Piyaz H; Piyaz P; durghandha S; vengayam
                T",bulb and seed,"to
                induce animal to heat; to control blood cholesterol; Prolapsed of
                uterus/vagina",carminative; bulb; expectorant; aphrodisiac; stimulant; emmenagogue; diuretic
Piabansa,Barleria prionitis,"Irioids; Scutellareing-g-rhamnosyl
                glucoside; Barterin; Acetyl barlerin","Kantajati
                B; Kantasherio G; Kataseriya H; Vajradant S; Shemmuli
                T",Plant; Leaf; Root,"chewed
                in toothache; paste applied on boils and swelling",expectorant in cattarrh
Papita,Carica Papaya,"Carposide
                Plant; Papain; Carpaine Glucoside; Alkaloid; Carpesamine; Saponin Seed","Papaya
                tree E; Papayu G; Papita H; Erandakarkatee S; Pappalai
                T",Milky juice; Fruit; Seed,rubefacient; chopped and fed to bring animal in heat; habitual constipation; dyspepsia; cosmetic; piles,"laxative; digestive
                emmenagogue; anti-fertility effect; diuretic"
Peepal,Ficus religiosa,Tannin; Stembark; Wax; Latex,"Asvattha
                B; Sacred fig and Peepal tree E; Asvattha B; Piplo
                G; Pipal H; Ashwatha and
                Pippala S; Avasuamaram T",Leaf; Seed; Root; Stembark; Fruit; Stem,gonorrhoea; skin diseases; ulcers; scabies,cooling; laxative; astringent; refrigerant; purgative; laxative and alterative
Pamba Dana,Gossypium herbaceum,"Starch; Resin; Gossypetin; Tannin Seed; Lignin
                Root bark; Glucoside; Bark; Phenols Flower; Albuminoids; Oil; Chromogen","Pamba
                A; Karpas B; Indian cotton E; Rui and Kapas G; Kapas
                H; Anagnika and karpas S; Parauthi T",Leaf; Seed; Flower; Root; Stembark; Bark,decoction is fed in dropping of placenta; ration for increasing fat in milk,lactogenic; nervine tonic; emmenagogue; demulcent; galactagogue
Podina,"Mentha viridis, M.
            crispa, M. spicata. M. sylvestris","Menthol; Methane; Essential
                oil","and B; and H; and G; and
                T; Pudinah P; Mint E",Plant; Leaf; Flower,fevers and hiccup,carminative; jaundice; stimulant; emmenagogue; vomiting; aromatic; antispasmodic; Stomachic; diuretic
Peepla mool,Piper longum,"Volatile
                oil; Starch; Piperine; Resin; Alkaloid; Fatty oil; Gum","Pippali
                B; Dried catkins and Long pepper E; Lindi piper G; Pipal
                H; Filfil daraz P; Pirpali S; Pipali T",Stem; Root; Immature berries,"asthma; backache in ladies; colic; flatulence; gastric disorders; respiratory
                disorder; catarrh",powerful than black pepper; alterative; aphrodisiac; stimulant; vermifuge; tonic; rubifacient; emmenagogue; caminative
Pakhan baid,"Saxifraga ligulata,
            Berginia ligulata",Gallic acid; Tannic acid; Mucilage; Wax,"Patharchuri B; Patharphuti
                and Pashanbhed G; Pakhanbhed H; Ashmabhedak S","Root
                (Rhizome)",cough and pulmonary affection; diarrhoea; To dissolve urinary bladder stone; uric acid diathesis,Diuretic; tonic; demulcent; astringent
Qinnab,Cannabis sativam C. indica,Resin; Canbigerol; Cannabinol; Canabidiolic acid; Cannabidiol,"and B; and G; Bhang
                and Charas and Ganja H; Hashish and Marihuana E; Qinnab P; Bhang
                S",Plant; Leaf,"large
                doses causes mental exaltation; sexual disfunctioning; hallucination; Asthma; loss of memory",stomachic; analgesic; Intoxicating; sedative; aphrodisiac; stimulant; narcotic; antispasmodic
Qaqla sighar,"Elettaria
            cardamomum: E. major",Lemonine; Linalool acetate; Terpeniol; Terpimine; Essential oil,"Cardamom
                E; Chandrka and Ela S; Elachi and Bada
                Elachi H; Elachi B; Elchi and Elcho G; Elam yelloka
                T",Seeds; =Root,tonic; disease of liver and uterus; laxative,"stomachic; carminative
                diuretic; stimulant; aromatic"
Rai,"Barassica nigra: B. Juncea,
            Sinapis juncea, S. nigra, S. cunefolia, S.
            rugosa","Myrosin; Sinigrh Volatile oil; Brassic
                acid; Fixed oil; Glucoside","Krishnarai
                B; Black mustard E; Rai. G; Kalorai H; Madhurika
                and
                Sarshpah S; Kadugu T",Seed; Oil; Leaf,"massage on chest in
                pneumonia; applied on chest in lung infection; rubefacient; to massage rheumatic joints; digestive condiment to induce animals in heat",anti-spasmodic; anti rheumatic; rubefacient; counter-irritant; emetic
Rehan,Ocimum basilicum,"Esseintial
                oil Terpinene; Linalool","B; and
                Babui tulsi H; Sweet basil E; Damro G; Bisva tulasi
                and
                Manjarikh S; Tirnulpatchi T",Flower; Seed; Leaf; Root,gonorrhoea; chronic diarrhoea; dysentery; bower complaints of children; internal piles; catarrh; treatment of cough; nephritis; cystitis,carminative; diuretic; mucilagenous; demulcent; fragrant; febrifuge; aphrodisiac; anthelmintic; stimulant; demulcent; aromatic; diuretic
Reeth,"Sapindus emarginatus, S.
            detregens, S. trifoliatus, S. laurifolia, S.
            mukorossi, S. rubiginosus",Quercetin; b-Sitosterol; Saponin; Kaempterol,"and
                B; Chandan H; Soap nut tree E; Sukhad G; Chandana
                S; Malayiaaram T",Fruit,"Salivation
                epilepsy; melancholia; chlorosis; good shampoo; fumigation
                is useful in hysteria; emetic In Assamin fever",purgative; emetic; expectorant; Tonic
Satyanasi,Argemone mexicana,Barberine; Alkaloid; Protopine and Argemone oil,"Siakanta
                B; Mexican poppy E; Darudi G; Brahmadundi H; Sringalakantaka
                S; Bramadandu T",Flower; Seed; Root,"dropsy; Jaundice
                cutaneous infections",laxative; expectorant; alterative; purgative; demulcent; emetic
Sataver,Asparagus racemosus,Mucilage; Saccharine matter; Asperagin,"Satamuli
                B; Satavari G; Satavari and Shahakul H; Satavari. P; Shatavari
                S; Kilwari T",Leaf; Root,"sexual
                disturbances; worms; wounds",Refrigerant; antidiarrhoeal; aphrodisiac; demulcent; tonic; antispasmodic; galactagogue
Sapistan,"Cordia dichotoma, C.
            latifolia, C. myxa",Tannin; Catharin; Gum and ash; Fruit; Sugar; Bark,"Babul
                B; Sebesten fruit E; Mota Gunda G; Lasora H; Sapistan
                P; Bahuvara S; Naruvilli T",Kernel; Flower; Leaf; Mucilage of fruit; Bark,"fever; affection of urinary
                passage; snakebite; ringworm; diseases of lungs and spleen; prolapsed
                of uterus/vagina; headache; ulcers; dyspepsia",expectorant; anthelmintic; demulcent; tonic; diuretic; astringent
Sheesham,Dalbertgia sissoo,"Tannin; 5; Dalbergin; Pods; 7; Dalberginone; Allylphenol
                of latitolintype; 4-Tripydroxi-s-methoxyisoflorone","Sishu
                B; Black-wood and Rosewood E; Sesum G; Sisam H; Shingshupa
                S; Nuku-kattai T",Mucilage; Stembark; Leaf; Root,"cutaneous affections; boils; leprosy; to allay vomiting; Haemorrhages; eruptions; applied in
                excoriation",astringent; alterative; mucilagenous and stimulant
Sankhahuli,Evolvulus alsinoides,Tannin; Phenols compounds; Betaine; Proteins; Carbohydrates; Sterols; Alkaloid; Evolvin,"and
                G; Shankhapushpi H; Vishnukraanti S; Vishukarandi T","Whole
                plant and Leaves","smoke; in loss of memory
                and in syphilis; chronic bronchitis and asthma","febrifuge; alterative; vermifuge; Brain
                tonic; anti-phlogistic"
Sehjana,Moringa oleifera,"Rootbark; Alkaloids-
                Morigine; Moringinine Flower; Amorphous base Essential oil","Sajna
                B; Drum stick E; Saragavo G; Soanjana and Shahijan
                H; Sobhanjana S; Murungas T","Seed
                oil; Seed; Flower; Stembark; Fruit; Root
                Rootbark; Gum","tetanus; articular
                pains; intermittant fever; fomentation to relieve sdpasm; cardiac and circulatory tonic; dntal caries; Veneral
                affections; rubifacient in palsy chronic rheumatism; Paralytic affection; spleen; diseases of liver; epilepsy; paralysis",stomachic; aphrodisiac; stimulant; abortifacient; abortifacient; caminative
Shabit,"Peucedanum graveolens,
            Anethum graveolens, A. sowa","Apiol and D-lemonien; Volatile
                and Essential oil composed of Anethine; Phellandrine","Dill
                E; Suva G; Sowa H; Atichhatra S; Satakuppivirai
                T",Oil; Seed,"retention
                of urine; menses disorders; Dyspepsia",stomachic; resolvent; abortifacient; stimulant; emmenagogue; Carmminative; aromatic; galactagogue; diuretic
Sandal Safed,Santalum album,"Essential
                oil-Constaining santanol","Sandal wood tree
                Chandan E; Sukhad and G; and Chandan H; Sandal P; Chandana
                S; Malayiaaram T","Wood; Wood
                paste; Oil from wood","symptomatic treatment of dysuria; gonorrhoea; fever; headache; urethritis; local inflammatory; pruritis; skin
                diseases; cystitis","Cardiac and brain tonic; cooling
                gestic tonic"
Turanj,Citrus medica Var acida,Juice; Citrol; Citrene; Citric Acid; Cymene; Citronellal,"Chholongo nebu B; Citron
                E; Bijoura and Balank G; Maphal H; Karuna S",Juice; Fruit; Oil and fruit epicarp,biliousness and remittent fevers; dysentery,stomachic; refrigerant; antiscorbutic; digestive; tonic; aromatic; sedative; astringent
Thohar,Euphorbia tirucalli,Ketone; Euphorone; resin; Isoeuphorol Dried latex; Gum; Euphorbin; Fresh latex,"Lankasij B; Milk
                hedge and Indian tree-spurge Sehund E; Dandalio
                thor and Kharsani G; Barki-thohar and H; S; Trikantaka; Kalli and Tirugu-kalli T",Stembark; Milky juice,rheumatism; asthma; whooping cough; scorpion-sting; itch; fish-poison; earache; neuralgia; toothache; warts,vesicant; counter irritant; acrid; purgative; rubefacient; emetic
Tukhm konch,"Mucuna pruriens,
            Carpopogon pruriens, Dolichos pruriens",Tannin; Viscous oil; Resin; Alkaloid- Mucunine; Seed; Mucunadine; L-dopa,"Alkusa B; Cow witch E; Kavach
                G; Kawanch H; Hub-ul-kalai P; Atmagupta S; Punaikali
                and Amudari T",Pods; Seed; Root,"oligospermia and to increase
                libido; dropsy; spermatogenesis helps
                female fertilization and conception; scorpion-sting; for delirium in
                fever; cholera","nervine tonic; anthelmintic; purgative; aphrodisiac; anthelmintic; stimulant; mild
                vesicant; nerve tonic; vermifuge; diuretic"
Toot safed,Morus alba,Essential oil; Pectin; Malates; Citarates; Sugar,"White
                Mulberry E; Shetur G; Tut H; Tula S; Pattupuch
                T",Fruit; Bark,dyspepsia; fever remedy for sore throat; melancholia,refrigerent; anthelmintic; purgative
Tambaku,Nicotiana tabacum,"Nicomine; Iso-quercitrin; Nicotine; Alkaloid; Gum Leaf; Nor-nicotine; Fats; Ash; Albumen; Camphoraceous
                principle; Glucoside; Tabacacin; Anabasine; Nicoteine; Resins","Tamak B; Tobacco
                E; Tambaku H; Tamrakuta and Tamakhu Tamaku S; Pugalyilay
                T",leaf,scorpion-siting; skin disease; rheumatic swelling; fish poison,sedative; antispasmodic and antiparastic; narcotic; emetic
Tamar hindi,Tamarindus indica,"Pectin; Carbohydrates; Tartaric acid; Fixed oil; Fiber; Fruit; Gum; Albuminoids; Malic
                and Acetic acid; Citriec acid","and B; Ambli
                G; Tamarind tree E; Amli and Imli and H; Ambala. P; Amlika
                S; Puliyan T",Seed; Leaf; Flower; Stembark; Fruit-pulp,spermetorrhoea; Malaria fever; to normalise bile,cooling; laxative; antiscorbute; digestive; astringent; acidic; antibilious; antibilious; astringent; tonic; caminative
Unnab,"Zizyphus jujube, Z. laccifera,
            Z. oenoplia",Tannin; Stepharine; Asimilobine; Sugar; Bark; Mucilage,"Jujube
                fruit E; Bor and Moti bordi G; Ber H; Kula B; Badari
                S; Elandi T",Rootbark; Fruit; Leaf,"gout and
                rheumatism; diarrhoea; fever; ulcers and wounds","purifies blood and
                acid digestion; mucilagenous; styptic"
Unnab Jangli,"Zizyphus nummularia:
            Z. microphylla",Amphibine; Nummularine; Frangufoline; Jajuboside,"Wild jujube
                E; Chanibor and Adbau bordi G; Jharaber H; Bhubadari
                and
                Balakpriya S; Korgodi T",Fruit; Leaf,,
Zakhm hayat,"Bryophyllum calycinum,
            Kalanchoe pinnata",Isocitric and Citric acid; Malic; Leaf,"Koppata B; Ghayamari and
                Panfutti G; Zakhmehaiyat H; Astibhaksha S; Runakalli
                T",Leaf-juice,diarrhoea; dysentery and lithiasis; bruised wounds; insect bites,antiseptic; styptic; astringent
Zeera safed,Cuminum cyminum,Resin; Gum; Thymol; Oil; Thymene,"Safedzir
                B; Cumin seed E; Shahjiru and Jiru G; Shahjio H; Kamaun
                abyaz P; Jeeralea S; Sudura T",Oil; Fruit; Seed; Flower,gonorrhoea; hoarseness of voice; chronic; diarrhoea; dyspepsia,stomachic; carminative; cooling; stimulant; aromatic; galactagogue; astringent
Zanjabeel,Zingiber officinale,"Beta-
                philandrene; Bomeol; Zingiberine; Citral; Volatile
                oil containing Comphene; Cineol; Essential oil with camphene; Shogaol; Gingerp; Phillandrence","Ada
                B; Ginger E; Adu and Sunth G; Adrak H; Zanjabil
                P; Adraka and
                Wiswabhesaj S; Inji T","Rhizom e- Green
                and dried",anaemia; cough; Dyspepsia,stomachic; carminative; Aromatic; stimulant; lactagogue; digestive; rubefacient and stimulant
